DATE,CLOSE,PREDICT
2010/2/3,41.3,46
2010/2/4,42.2,46
2010/2/5,43,47
2010/2/8,42.7,47
2010/2/9,43,47
2010/2/10,42.41,47
2010/2/11,43.46,48
2010/2/12,42.8,47
2010/2/22,42.5,47
2010/2/23,42.52,47
2010/2/24,43.95,48
2010/2/25,45.85,50
2010/2/26,45.96,50
2010/3/1,46.14,50
2010/3/2,45.99,50
2010/3/3,45.9,50
2010/3/4,46.12,50
2010/3/5,45,49
2010/3/8,45.05,49
2010/3/9,44.48,49
2010/3/10,44.13,48
2010/3/11,44.18,48
2010/3/12,44.4,49
2010/3/15,42.98,48
2010/3/16,41.9,46
2010/3/17,42.31,47
2010/3/18,43.16,47
2010/3/19,43.28,48
2010/3/22,43.1,48
2010/3/23,42.85,47
2010/3/24,42.32,47
2010/3/25,42.69,47
2010/3/26,42.87,47
2010/3/29,43.3,48
2010/3/30,43.32,48
2010/3/31,43.32,48
2010/4/1,42.5,47
2010/4/2,42.3,47
2010/4/6,40.34,45
2010/4/7,41.21,46
2010/4/8,41.54,46
2010/4/9,41.1,45
2010/4/12,42.3,47
2010/4/13,44,48
2010/4/14,43.7,48
2010/4/15,43,47
2010/4/16,42.85,47
2010/4/19,42.91,48
2010/4/20,41.2,46
2010/4/21,41.05,46
2010/4/22,41.38,46
2010/4/23,40.56,46
2010/4/26,39.5,44
2010/4/27,40.8,45
2010/4/28,41.55,46
2010/4/29,41.66,47
2010/4/30,40.5,46
2010/5/4,37.25,42
2010/5/5,36.85,42
2010/5/6,36.06,41
2010/5/7,34.18,38
2010/5/10,34.25,38
2010/5/11,34.49,38
2010/5/12,34.45,38
2010/5/13,34.1,37
2010/5/14,35.61,40
2010/5/17,35.29,40
2010/5/18,33.5,37
2010/5/19,34.1,38
2010/5/20,34.35,38
2010/5/21,33.78,37
2010/5/24,34.02,37
2010/5/25,35.12,39
2010/5/26,34.48,38
2010/5/27,35.13,39
2010/5/28,35.67,40
2010/5/31,36.13,41
2010/6/1,35.05,40
2010/6/2,33.8,37
2010/6/3,35.01,39
2010/6/4,35.01,40
2010/6/7,34.05,39
2010/6/8,31.8,35
2010/6/9,31.72,34
2010/6/10,32.42,36
2010/6/11,32.1,35
2010/6/17,32.09,35
2010/6/18,32.74,36
2010/6/21,32.21,35
2010/6/22,33.04,37
2010/6/23,32.88,36
2010/6/24,32.54,33
2010/6/25,21.22,22
2010/6/28,21.2,22
2010/6/29,20.1,21
2010/6/30,18.89,18
2010/7/1,19.24,19
2010/7/2,19.23,19
2010/7/5,19.24,20
2010/7/6,18.48,18
2010/7/7,18.86,18
2010/7/8,19.23,19
2010/7/9,18.95,18
2010/7/12,20,20
2010/7/13,20.2,20
2010/7/14,20.23,20
2010/7/15,20.6,21
2010/7/16,20.28,21
2010/7/19,20.32,20
2010/7/20,20.94,21
2010/7/21,21.86,23
2010/7/22,21.76,22
2010/7/23,22.32,23
2010/7/26,22.79,24
2010/7/27,22.65,24
2010/7/28,22.2,23
2010/7/29,22.89,24
2010/7/30,22.61,24
2010/8/2,22.75,24
2010/8/3,23.16,25
2010/8/4,23,24
2010/8/5,23.25,25
2010/8/6,23.12,24
2010/8/9,23.74,25
2010/8/10,23.94,26
2010/8/11,23.74,26
2010/8/12,23.18,25
2010/8/13,21.45,22
2010/8/16,21.4,21
2010/8/17,22.3,23
2010/8/18,23,24
2010/8/19,22.76,24
2010/8/20,22.68,24
2010/8/23,22.35,23
2010/8/24,22.71,23
2010/8/25,23.58,25
2010/8/26,22.99,24
2010/8/27,22.98,24
2010/8/30,23.15,24
2010/8/31,23.89,25
2010/9/1,24.84,27
2010/9/2,25,27
2010/9/3,25.13,27
2010/9/6,26.23,29
2010/9/7,26.34,29
2010/9/8,26.4,29
2010/9/9,26.73,30
2010/9/10,26.27,29
2010/9/13,26.27,28
2010/9/14,27.37,30
2010/9/15,29.3,34
2010/9/16,28.76,33
2010/9/17,28.07,32
2010/9/20,28.02,32
2010/9/21,27.34,31
2010/9/27,26.54,29
2010/9/28,26.99,31
2010/9/29,25.34,28
2010/9/30,24.72,27
2010/10/8,24.65,26
2010/10/11,26.25,29
2010/10/12,25.9,28
2010/10/13,26.15,29
2010/10/14,26.15,29
2010/10/15,25.52,28
2010/10/18,25.69,28
2010/10/19,26.48,29
2010/10/20,27.5,30
2010/10/21,28.42,32
2010/10/22,28.13,31
2010/10/25,28.85,32
2010/10/26,29.95,34
2010/10/27,29.63,34
2010/10/28,28.13,32
2010/10/29,27.95,31
2010/11/1,27.65,31
2010/11/2,28.1,32
2010/11/3,27.78,31
2010/11/4,27.78,30
2010/11/5,29.35,34
2010/11/8,28.8,33
2010/11/9,28.17,32
2010/11/10,28.06,32
2010/11/11,27.85,31
2010/11/12,27.84,32
2010/11/15,25.45,28
2010/11/16,25.48,28
2010/11/17,25.05,27
2010/11/18,24.8,27
2010/11/19,25.01,26
2010/11/22,26.43,28
2010/11/23,28,31
2010/11/24,28.12,31
2010/11/25,28.29,32
2010/11/26,27.95,32
2010/11/29,27.02,30
2010/11/30,26.57,29
2010/12/1,26.57,30
2010/12/2,26.06,28
2010/12/3,26.87,30
2010/12/6,26.36,29
2010/12/7,26.89,30
2010/12/8,27.2,30
2010/12/9,27.15,30
2010/12/10,27.15,30
2010/12/13,27.89,31
2010/12/14,29.44,33
2010/12/15,29.79,34
2010/12/16,28.72,32
2010/12/17,29.03,33
2010/12/20,28.43,32
2010/12/21,27.85,31
2010/12/22,28.96,33
2010/12/23,28.8,33
2010/12/24,27.9,32
2010/12/27,27.24,31
2010/12/28,26.25,29
2010/12/29,26.02,28
2010/12/30,26.57,29
2010/12/31,26.76,29
2011/1/4,27.3,29
2011/1/5,27.2,29
2011/1/6,26.61,28
2011/1/7,26.66,28
2011/1/10,26.85,28
2011/1/11,27,28
2011/1/12,27.2,29
2011/1/13,27.03,29
2011/1/14,26.76,28
2011/1/17,26.27,28
2011/1/18,24.88,26
2011/1/19,24.76,25
2011/1/20,25.01,26
2011/1/21,23.95,24
2011/1/24,23.69,23
2011/1/25,24.4,25
2011/1/26,23.93,24
2011/1/27,24.4,24
2011/1/28,25.25,26
2011/1/31,25.57,26
2011/2/1,26.38,28
2011/2/9,26.03,26
2011/2/10,27.1,28
2011/2/11,27.5,29
2011/2/14,27.86,29
2011/2/15,28.78,31
2011/2/16,28.35,30
2011/2/17,29.03,31
2011/2/18,29,32
2011/2/21,28.56,30
2011/2/22,31.42,35
2011/2/23,31.3,34
2011/2/24,31.98,36
2011/2/25,30.97,34
2011/2/28,30.71,33
2011/3/1,32.3,36
2011/3/2,31.66,35
2011/3/3,31.25,35
2011/3/4,30.8,34
2011/3/7,31.12,34
2011/3/8,31.14,34
2011/3/9,30.9,34
2011/3/10,32,36
2011/3/11,31.79,35
2011/3/14,31.69,35
2011/3/15,33.45,38
2011/3/16,32.41,36
2011/3/17,33.78,39
2011/3/18,32.1,36
2011/3/21,31.6,36
2011/3/22,30.71,34
2011/3/23,31.1,34
2011/3/24,31.31,34
2011/3/25,31.51,35
2011/3/28,31.25,35
2011/3/29,30.3,34
2011/3/30,29.55,32
2011/3/31,29.61,32
2011/4/1,30,33
2011/4/6,29.99,33
2011/4/7,29.25,32
2011/4/8,29.09,31
2011/4/11,29.56,33
2011/4/12,28.69,31
2011/4/13,28.42,30
2011/4/14,29.46,32
2011/4/15,29,31
2011/4/18,28.9,31
2011/4/19,28.98,32
2011/4/20,28.39,30
2011/4/21,29.15,31
2011/4/22,29.36,32
2011/4/25,28.79,31
2011/4/26,28.7,31
2011/4/27,28.48,31
2011/4/28,28.55,32
2011/4/29,27.2,29
2011/5/3,27.58,29
2011/5/4,27.58,30
2011/5/5,26.26,27
2011/5/6,26.22,27
2011/5/9,26.82,28
2011/5/10,27.12,28
2011/5/11,27.5,29
2011/5/12,27.41,30
2011/5/13,26.58,28
2011/5/16,26.4,28
2011/5/17,26.38,28
2011/5/18,26.38,27
2011/5/19,26.85,28
2011/5/20,27.28,29
2011/5/23,27,29
2011/5/24,26.08,27
2011/5/25,26.31,28
2011/5/26,25.51,26
2011/5/27,25.5,26
2011/5/30,25.59,26
2011/5/31,25.74,27
2011/6/1,25.99,27
2011/6/2,26.11,28
2011/6/3,25.42,26
2011/6/7,26.28,27
2011/6/8,26.79,28
2011/6/9,26.5,28
2011/6/10,26.27,28
2011/6/13,26.2,28
2011/6/14,25.7,26
2011/6/15,26.7,28
2011/6/16,26.66,28
2011/6/17,26.17,27
2011/6/20,26.18,28
2011/6/21,25.4,26
2011/6/22,25.89,27
2011/6/23,25.63,26
2011/6/24,26.51,27
2011/6/27,26.94,28
2011/6/28,27.08,28
2011/6/29,27.52,29
2011/6/30,27.71,29
2011/7/1,28.28,30
2011/7/4,28.29,30
2011/7/5,28.66,31
2011/7/6,28.11,30
2011/7/7,28.47,32
2011/7/8,23.34,24
2011/7/11,23.49,24
2011/7/12,23.28,24
2011/7/13,22.79,23
2011/7/14,23.24,24
2011/7/15,23.04,23
2011/7/18,23.63,24
2011/7/19,23.86,25
2011/7/20,23.47,24
2011/7/21,23.04,24
2011/7/22,22.4,23
2011/7/25,22.22,23
2011/7/26,21.55,21
2011/7/27,21.63,21
2011/7/28,21.92,22
2011/7/29,21.98,22
2011/8/1,21.62,21
2011/8/2,21.83,22
2011/8/3,21.77,22
2011/8/4,21.45,21
2011/8/5,21.28,22
2011/8/8,20.27,20
2011/8/9,19.67,19
2011/8/10,19.42,19
2011/8/11,19.21,19
2011/8/12,17.96,16
2011/8/15,18.09,17
2011/8/16,18.34,17
2011/8/17,18.26,17
2011/8/18,18.34,17
2011/8/19,18.03,17
2011/8/22,17.71,16
2011/8/23,17.67,16
2011/8/24,17.85,16
2011/8/25,18.1,16
2011/8/26,18.63,17
2011/8/29,18.93,18
2011/8/30,18.74,18
2011/8/31,18.43,17
2011/9/1,18.65,17
2011/9/2,19.29,19
2011/9/5,18.75,18
2011/9/6,17.98,17
2011/9/7,17.5,16
2011/9/8,17.82,17
2011/9/9,17.83,17
2011/9/13,17.65,16
2011/9/14,17.8,16
2011/9/15,17.91,16
2011/9/16,18.27,17
2011/9/19,18.64,18
2011/9/20,18.53,18
2011/9/21,18.4,17
2011/9/22,19.15,19
2011/9/23,18.72,18
2011/9/26,18.45,17
2011/9/27,18.59,17
2011/9/28,19.25,18
2011/9/29,19.4,19
2011/9/30,18.95,18
2011/10/10,18.9,18
2011/10/11,18.3,18
2011/10/12,17.05,15
2011/10/13,17.31,16
2011/10/14,17.37,16
2011/10/17,17.22,16
2011/10/18,17.43,17
2011/10/19,16.77,16
2011/10/20,16.2,15
2011/10/21,15.89,14
2011/10/24,15.99,14
2011/10/25,16.39,14
2011/10/26,16.95,15
2011/10/27,17.4,16
2011/10/28,17.45,16
2011/10/31,17.83,17
2011/11/1,17.81,16
2011/11/2,18.04,16
2011/11/3,18.73,18
2011/11/4,18.72,17
2011/11/7,19.07,18
2011/11/8,19.14,19
2011/11/9,18.35,17
2011/11/10,18.42,18
2011/11/11,18.24,17
2011/11/14,18.16,17
2011/11/15,18.65,17
2011/11/16,19.02,18
2011/11/17,18.68,17
2011/11/18,18.94,18
2011/11/21,18.5,17
2011/11/22,18.6,18
2011/11/23,18.6,18
2011/11/24,18.61,18
2011/11/25,18.65,18
2011/11/28,18.45,18
2011/11/29,18.2,17
2011/11/30,18.15,18
2011/12/1,17.37,16
2011/12/2,17.58,17
2011/12/5,17.36,16
2011/12/6,17,16
2011/12/7,17.15,15
2011/12/8,17.69,16
2011/12/9,17.99,17
2011/12/12,17.75,17
2011/12/13,17.75,17
2011/12/14,17.29,16
2011/12/15,17.2,16
2011/12/16,16.63,15
2011/12/19,17.05,16
2011/12/20,17.45,16
2011/12/21,17.51,16
2011/12/22,17.54,17
2011/12/23,17.45,16
2011/12/26,17.55,17
2011/12/27,17.48,17
2011/12/28,16.9,16
2011/12/29,16.75,16
2011/12/30,16.84,16
2012/1/4,16.9,16
2012/1/5,16.8,16
2012/1/6,16.7,16
2012/1/9,16.27,15
2012/1/10,16.71,15
2012/1/11,17.45,17
2012/1/12,17.46,17
2012/1/13,17.59,18
2012/1/16,17,17
2012/1/17,16.65,15
2012/1/18,17.35,17
2012/1/19,16.7,17
2012/1/20,15.03,13
2012/1/30,15.35,15
2012/1/31,14.85,14
2012/2/1,14.8,14
2012/2/2,14.76,13
2012/2/3,15.08,14
2012/2/6,15.25,14
2012/2/7,15.55,15
2012/2/8,15.3,14
2012/2/9,15.68,15
2012/2/10,15.4,14
2012/2/13,15.61,15
2012/2/14,15.55,15
2012/2/15,15.34,13
2012/2/16,16.26,15
2012/2/17,16.58,16
2012/2/20,16.49,16
2012/2/21,16.43,15
2012/2/22,16.61,15
2012/2/23,17.23,17
2012/2/24,17.29,17
2012/2/27,17.28,16
2012/2/28,17.47,17
2012/2/29,17.19,17
2012/3/1,17.15,17
2012/3/2,17.1,16
2012/3/5,17.42,17
2012/3/6,17.19,17
2012/3/7,16.99,16
2012/3/8,16.93,16
2012/3/9,16.87,16
2012/3/12,17.25,16
2012/3/13,17.8,17
2012/3/14,17.93,18
2012/3/15,17.11,16
2012/3/16,17.56,17
2012/3/19,17.65,17
2012/3/20,18.15,18
2012/3/21,17.62,17
2012/3/22,17.53,17
2012/3/23,17.11,17
2012/3/26,16.7,16
2012/3/27,16.4,15
2012/3/28,16.54,16
2012/3/29,16.08,15
2012/3/30,16.08,15
2012/4/5,16.43,15
2012/4/6,16.8,16
2012/4/9,16.6,16
2012/4/10,16.25,15
2012/4/11,16.34,16
2012/4/12,16.34,15
2012/4/13,16.34,15
2012/4/16,16.59,16
2012/4/17,16.28,15
2012/4/18,16.1,15
2012/4/19,16.39,15
2012/4/20,16.82,16
2012/4/23,17.22,17
2012/4/24,17.3,16
2012/4/25,17.63,17
2012/4/26,17.61,17
2012/4/27,17.19,17
2012/5/2,16.82,16
2012/5/3,16.93,16
2012/5/4,17,16
2012/5/7,17.44,17
2012/5/8,17.5,17
2012/5/9,17.4,17
2012/5/10,17,16
2012/5/11,16.85,16
2012/5/14,16.54,16
2012/5/15,16.42,15
2012/5/16,16.92,16
2012/5/17,16.47,16
2012/5/18,16.62,16
2012/5/21,15.99,15
2012/5/22,15.59,14
2012/5/23,15.69,15
2012/5/24,15.63,15
2012/5/25,15.48,14
2012/5/28,15.48,14
2012/5/29,15.19,14
2012/5/30,15.61,15
2012/5/31,15.3,14
2012/6/1,15.27,14
2012/6/4,15.29,14
2012/6/5,14.79,14
2012/6/6,14.55,13
2012/6/7,14.3,13
2012/6/8,14.33,13
2012/6/11,14.37,13
2012/6/12,14.77,14
2012/6/13,14.31,13
2012/6/14,14.55,13
2012/6/15,14.77,13
2012/6/18,14.69,13
2012/6/19,14.95,14
2012/6/20,14.89,13
2012/6/21,15.07,14
2012/6/25,14.96,14
2012/6/26,14.45,13
2012/6/27,14.61,13
2012/6/28,14.45,13
2012/6/29,14.36,13
2012/7/2,13.96,12
2012/7/3,13.98,12
2012/7/4,14,12
2012/7/5,14.21,13
2012/7/6,14.02,12
2012/7/9,14.23,13
2012/7/10,13.81,13
2012/7/11,13.05,11
2012/7/12,13.03,11
2012/7/13,13.33,12
2012/7/16,13.02,12
2012/7/17,11.72,10
2012/7/18,11.39,9
2012/7/19,11.06,9
2012/7/20,11.22,9
2012/7/23,11.28,9
2012/7/24,11.44,10
2012/7/25,11.46,10
2012/7/26,11.26,9
2012/7/27,11.34,9
2012/7/30,11.48,10
2012/7/31,11.39,10
2012/8/1,11.41,10
2012/8/2,11.45,10
2012/8/3,11.25,9
2012/8/6,11.27,9
2012/8/7,11.29,9
2012/8/8,11.55,10
2012/8/9,11.48,9
2012/8/10,11.77,10
2012/8/13,11.55,10
2012/8/14,11.31,9
2012/8/15,11.49,10
2012/8/16,11.35,9
2012/8/17,11.4,10
2012/8/20,11.17,9
2012/8/21,11.1,9
2012/8/22,11.26,9
2012/8/23,11.2,9
2012/8/24,11.22,10
2012/8/27,10.9,10
2012/8/28,10.01,8
2012/8/29,9.78,8
2012/8/30,9.64,7
2012/8/31,9.97,8
2012/9/3,9.92,8
2012/9/4,9.85,8
2012/9/5,9.59,8
2012/9/6,9.66,8
2012/9/7,9.9,8
2012/9/10,10.3,8
2012/9/11,10.48,8
2012/9/12,10.5,8
2012/9/13,10.57,8
2012/9/14,10.76,9
2012/9/17,10.78,9
2012/9/18,10.31,8
2012/9/19,10.09,8
2012/9/20,10.27,8
2012/9/21,10.07,8
2012/9/24,10.2,8
2012/9/25,10.64,9
2012/9/26,10.48,9
2012/9/27,10.31,8
2012/9/28,10.58,8
2012/10/8,11.16,9
2012/10/9,11.45,10
2012/10/10,11.4,9
2012/10/11,11.41,10
2012/10/12,11.07,10
2012/10/15,10.5,10
2012/10/16,9.45,8
2012/10/17,9.05,7
2012/10/18,9.06,7
2012/10/19,9.19,7
2012/10/22,9.06,7
2012/10/23,9.04,7
2012/10/24,9,7
2012/10/25,9.03,7
2012/10/26,8.95,7
2012/10/29,8.77,7
2012/10/30,8.85,7
2012/10/31,8.71,7
2012/11/1,8.28,6
2012/11/2,8.46,6
2012/11/5,8.47,6
2012/11/6,8.59,7
2012/11/7,8.53,7
2012/11/8,8.56,7
2012/11/9,8.41,6
2012/11/12,8.5,6
2012/11/13,8.65,7
2012/11/14,8.43,6
2012/11/15,8.5,7
2012/11/16,8.25,7
2012/11/19,7.99,6
2012/11/20,8.03,6
2012/11/21,8.04,6
2012/11/22,8.13,6
2012/11/23,8.04,6
2012/11/26,8.11,6
2012/11/27,8.02,6
2012/11/28,7.78,6
2012/11/29,7.8,6
2012/11/30,7.82,6
2012/12/3,7.75,6
2012/12/4,7.64,6
2012/12/5,7.8,6
2012/12/6,8.14,6
2012/12/7,8.18,6
2012/12/10,8.38,6
2012/12/11,8.42,7
2012/12/12,8.31,7
2012/12/13,8.25,6
2012/12/14,8.19,6
2012/12/17,8.6,7
2012/12/18,8.77,7
2012/12/19,8.63,7
2012/12/20,8.62,7
2012/12/21,8.73,7
2012/12/24,8.63,7
2012/12/25,8.59,6
2012/12/26,9.01,7
2012/12/27,9.24,7
2012/12/28,9.13,7
2012/12/31,9.37,7
2013/1/4,9.75,7
2013/1/7,9.72,7
2013/1/8,9.5,6
2013/1/9,9.5,6
2013/1/10,10.24,7
2013/1/11,10.18,7
2013/1/14,9.89,7
2013/1/15,10.32,7
2013/1/16,10.6,7
2013/1/17,10.34,7
2013/1/18,10.15,7
2013/1/21,10.17,7
2013/1/22,10.34,7
2013/1/23,10.31,7
2013/1/24,10.58,8
2013/1/25,10.23,7
2013/1/28,10.23,7
2013/1/29,10.7,7
2013/1/30,10.8,8
2013/1/31,11,8
2013/2/1,10.89,8
2013/2/4,10.9,8
2013/2/5,10.02,7
2013/2/6,10.11,7
2013/2/7,10.11,7
2013/2/8,10.16,7
2013/2/18,10.62,7
2013/2/19,10.8,8
2013/2/20,10.5,7
2013/2/21,10.65,7
2013/2/22,10.56,8
2013/2/25,10.15,7
2013/2/26,9.92,7
2013/2/27,9.52,6
2013/2/28,9.44,6
2013/3/1,9.8,7
2013/3/4,9.91,7
2013/3/5,9.58,6
2013/3/6,9.87,6
2013/3/7,10.86,7
2013/3/8,11.21,8
2013/3/11,11.4,8
2013/3/12,11.77,9
2013/3/13,11.39,8
2013/3/14,11.05,7
2013/3/15,11.93,8
2013/3/18,12.1,9
2013/3/19,12.21,9
2013/3/20,12.25,9
2013/3/21,12.18,9
2013/3/22,12.42,9
2013/3/25,12.02,9
2013/3/26,11.46,8
2013/3/27,11.66,8
2013/3/28,11.57,8
2013/3/29,11.54,8
2013/4/1,11.2,8
2013/4/2,11.35,8
2013/4/3,11.24,8
2013/4/8,11.1,8
2013/4/9,11.28,8
2013/4/10,11.52,8
2013/4/11,11.37,8
2013/4/12,11.42,8
2013/4/15,11,8
2013/4/16,10.56,7
2013/4/17,10.67,8
2013/4/18,10.67,7
2013/4/19,10.71,7
2013/4/22,11.22,8
2013/4/23,11.53,8
2013/4/24,11.07,7
2013/4/25,11.83,9
2013/4/26,11.57,8
2013/5/2,11.34,8
2013/5/3,12.2,9
2013/5/6,12.23,8
2013/5/7,12.87,9
2013/5/8,12.83,9
2013/5/9,12.92,9
2013/5/10,13.28,10
2013/5/13,12.97,9
2013/5/14,13.53,10
2013/5/15,12.88,9
2013/5/16,12.88,9
2013/5/17,13.15,10
2013/5/20,13.33,10
2013/5/21,13.24,10
2013/5/22,12.99,10
2013/5/23,12.77,9
2013/5/24,12.54,9
2013/5/27,12.92,9
2013/5/28,12.63,9
2013/5/29,12.34,9
2013/5/30,12.4,9
2013/5/31,12.22,8
2013/6/3,12.63,9
2013/6/4,12.55,9
2013/6/5,12.3,9
2013/6/6,12.67,9
2013/6/7,12.51,9
2013/6/13,12.09,9
2013/6/14,11.45,8
2013/6/17,11.64,8
2013/6/18,11.83,8
2013/6/19,12.62,9
2013/6/20,12.57,10
2013/6/21,11.93,9
2013/6/24,11.91,9
2013/6/25,11.52,8
2013/6/26,12.48,9
2013/6/27,12.91,9
2013/6/28,12.74,9
2013/7/1,12.75,9
2013/7/2,12.77,9
2013/7/3,13.41,10
2013/7/4,13.7,10
2013/7/5,13.38,10
2013/7/8,13.1,10
2013/7/9,12.81,9
2013/7/10,12.86,9
2013/7/11,13.21,9
2013/7/12,13.66,10
2013/7/15,13.69,10
2013/7/16,13.69,10
2013/7/17,13.69,10
2013/7/18,13.69,10
2013/7/19,13.69,10
2013/7/22,13.69,10
2013/7/23,13.69,9
2013/7/24,15.06,11
2013/7/25,15.8,12
2013/7/26,15.53,12
2013/7/29,15.54,12
2013/7/30,14.95,12
2013/7/31,14.76,11
2013/8/1,15.39,12
2013/8/2,15.55,12
2013/8/5,15.29,12
2013/8/6,15.41,12
2013/8/7,15.63,12
2013/8/8,14.99,11
2013/8/9,15.02,11
2013/8/12,15.44,12
2013/8/13,15.56,12
2013/8/14,15.55,11
2013/8/15,16.07,13
2013/8/16,15.88,13
2013/8/19,15.42,11
2013/8/20,16.96,13
2013/8/21,17.08,14
2013/8/22,16.87,13
2013/8/23,17.03,14
2013/8/26,16.69,12
2013/8/27,17.4,14
2013/8/28,17.2,14
2013/8/29,16.82,13
2013/8/30,16.99,14
2013/9/2,16.4,13
2013/9/3,16.82,13
2013/9/4,17.02,14
2013/9/5,16.81,13
2013/9/6,17.15,14
2013/9/9,17.09,14
2013/9/10,16.92,14
2013/9/11,16.65,14
2013/9/12,15.75,12
2013/9/13,16.02,12
2013/9/16,16.06,12
2013/9/17,16.3,13
2013/9/18,15.92,13
2013/9/23,15.79,11
2013/9/24,16.72,13
2013/9/25,16.78,13
2013/9/26,17.05,14
2013/9/27,16.86,14
2013/9/30,16.53,13
2013/10/8,16.6,12
2013/10/9,18.09,15
2013/10/10,17.81,14
2013/10/11,17.89,14
2013/10/14,17.78,14
2013/10/15,17.63,14
2013/10/16,17.7,15
2013/10/17,16.99,14
2013/10/18,16.85,13
2013/10/21,16.98,13
2013/10/22,17.45,14
2013/10/23,17.15,14
2013/10/24,16,13
2013/10/25,15.72,12
2013/10/28,15.22,12
2013/10/29,15.36,12
2013/10/30,14.98,11
2013/10/31,15.1,12
2013/11/1,15.18,12
2013/11/4,15.2,11
2013/11/5,15.7,12
2013/11/6,15.91,13
2013/11/7,15.58,12
2013/11/8,15.42,12
2013/11/11,14.83,11
2013/11/12,14.79,11
2013/11/13,15,12
2013/11/14,14.49,11
2013/11/15,14.68,11
2013/11/18,15.27,11
2013/11/19,15.88,12
2013/11/20,15.83,12
2013/11/21,16.35,12
2013/11/22,16.73,13
2013/11/25,16.31,13
2013/11/26,15.83,12
2013/11/27,16,12
2013/11/28,16.53,13
2013/11/29,16.27,13
2013/12/2,16.3,13
2013/12/3,15.71,11
2013/12/4,16.47,12
2013/12/5,16.81,14
2013/12/6,15.81,12
2013/12/9,15.24,12
2013/12/10,15.2,12
2013/12/11,15.28,12
2013/12/12,14.93,11
2013/12/13,15.06,12
2013/12/16,14.91,12
2013/12/17,14.45,11
2013/12/18,14.47,11
2013/12/19,14.4,11
2013/12/20,14.48,11
2013/12/23,14.07,11
2013/12/24,13.72,10
2013/12/25,13.94,10
2013/12/26,13.93,11
2013/12/27,13.03,9
2013/12/30,13.1,9
2013/12/31,13.23,10
2014/1/2,13.07,11
2014/1/3,13.8,12
2014/1/6,14.07,13
2014/1/7,13.63,13
2014/1/8,13.37,12
2014/1/9,13.41,12
2014/1/10,13.42,12
2014/1/13,13.1,12
2014/1/14,12.46,11
2014/1/15,12.46,11
2014/1/16,12.36,10
2014/1/17,12.85,12
2014/1/20,12.59,11
2014/1/21,12.25,10
2014/1/22,12.78,11
2014/1/23,13.21,12
2014/1/24,13.24,12
2014/1/27,13.54,12
2014/1/28,13.54,12
2014/1/29,13.6,12
2014/1/30,13.5,12
2014/2/7,13.27,12
2014/2/10,13.67,12
2014/2/11,14.03,13
2014/2/12,13.87,13
2014/2/13,14,13
2014/2/14,13.57,12
2014/2/17,13.5,11
2014/2/18,14.35,13
2014/2/19,14.23,13
2014/2/20,14.25,13
2014/2/21,13.91,13
2014/2/24,13.79,13
2014/2/25,13.51,12
2014/2/26,13.09,12
2014/2/27,13,12
2014/2/28,12.83,11
2014/3/3,13.15,11
2014/3/4,13.46,12
2014/3/5,13.71,13
2014/3/6,13.33,12
2014/3/7,13.37,12
2014/3/10,13.1,12
2014/3/11,12.4,11
2014/3/12,12.31,11
2014/3/13,12.27,11
2014/3/14,12.26,11
2014/3/17,12.09,10
2014/3/18,12.5,11
2014/3/19,12.4,11
2014/3/20,12.58,11
2014/3/21,12.58,11
2014/3/24,13.04,12
2014/3/25,12.97,12
2014/3/26,12.92,12
2014/3/27,12.78,12
2014/3/28,12.42,11
2014/3/31,12.49,11
2014/4/1,12.64,11
2014/4/2,13.14,12
2014/4/3,13.18,12
2014/4/4,12.89,11
2014/4/8,12.92,11
2014/4/9,13.06,11
2014/4/10,13.4,12
2014/4/11,13.43,12
2014/4/14,13.84,13
2014/4/15,13.71,12
2014/4/16,13.68,13
2014/4/17,13.45,12
2014/4/18,13.48,12
2014/4/21,13.59,12
2014/4/22,13.32,12
2014/4/23,13.68,13
2014/4/24,13.47,12
2014/4/25,13.15,12
2014/4/28,12.86,11
2014/4/29,12.9,11
2014/4/30,13.28,12
2014/5/5,13.18,12
2014/5/6,13.07,12
2014/5/7,13.16,12
2014/5/8,12.91,12
2014/5/9,12.6,11
2014/5/12,12.64,11
2014/5/13,12.96,12
2014/5/14,13.01,12
2014/5/15,12.92,12
2014/5/16,12.56,11
2014/5/19,12.53,11
2014/5/20,12.3,11
2014/5/21,12.32,11
2014/5/22,12.53,11
2014/5/23,12.43,11
2014/5/26,12.68,11
2014/5/27,12.72,11
2014/5/28,12.63,11
2014/5/29,13.18,12
2014/5/30,13,11
2014/6/3,13.15,12
2014/6/4,13.03,12
2014/6/5,12.87,11
2014/6/6,13.08,12
2014/6/9,12.89,12
2014/6/10,12.6,11
2014/6/11,12.91,11
2014/6/12,13.08,12
2014/6/13,13,11
2014/6/16,13.12,11
2014/6/17,13.38,12
2014/6/18,13.22,12
2014/6/19,13.1,12
2014/6/20,12.74,11
2014/6/23,12.78,11
2014/6/24,12.76,11
2014/6/25,12.83,11
2014/6/26,12.83,11
2014/6/27,12.95,11
2014/6/30,13.06,12
2014/7/1,13.12,12
2014/7/2,13.23,12
2014/7/3,13.22,12
2014/7/4,13.22,12
2014/7/7,13.13,12
2014/7/8,13.22,12
2014/7/9,13.26,12
2014/7/10,13,12
2014/7/11,12.8,11
2014/7/14,12.9,11
2014/7/15,13.03,11
2014/7/16,13.5,12
2014/7/17,13.42,12
2014/7/18,13.49,12
2014/7/21,13.41,12
2014/7/22,13.2,12
2014/7/23,13.37,12
2014/7/24,13.18,12
2014/7/25,13.36,12
2014/7/28,13.51,12
2014/7/29,13.7,12
2014/7/30,13.87,13
2014/7/31,13.78,12
2014/8/1,13.87,13
2014/8/4,13.58,12
2014/8/5,13.85,12
2014/8/6,14.03,13
2014/8/7,14,13
2014/8/8,13.92,13
2014/8/11,14.06,13
2014/8/12,14.14,13
2014/8/13,13.99,13
2014/8/14,14.11,13
2014/8/15,13.86,12
2014/8/18,13.97,12
2014/8/19,14.18,13
2014/8/20,14.32,13
2014/8/21,14.4,13
2014/8/22,14.32,13
2014/8/25,14.32,13
2014/8/26,14.07,13
2014/8/27,13.87,13
2014/8/28,13.92,13
2014/8/29,13.79,12
2014/9/1,13.96,12
2014/9/2,14.17,13
2014/9/3,14.36,13
2014/9/4,14.33,13
2014/9/5,14.39,13
2014/9/9,14.33,13
2014/9/10,14.3,13
2014/9/11,14.58,13
2014/9/12,14.38,13
2014/9/15,14.44,13
2014/9/16,14.42,13
2014/9/17,13.91,12
2014/9/18,14.08,13
2014/9/19,14.24,12
2014/9/22,14.66,13
2014/9/23,14.84,14
2014/9/24,14.86,14
2014/9/25,14.99,14
2014/9/26,14.74,13
2014/9/29,14.9,13
2014/9/30,15.26,14
2014/10/8,15.16,14
2014/10/9,15.16,14
2014/10/10,15.4,15
2014/10/13,15.15,14
2014/10/14,14.97,14
2014/10/15,14.9,14
2014/10/16,15,14
2014/10/17,14.75,14
2014/10/20,14.64,13
2014/10/21,14.83,14
2014/10/22,14.51,13
2014/10/23,14.53,13
2014/10/24,14.57,13
2014/10/27,14.69,13
2014/10/28,14.74,13
2014/10/29,15,14
2014/10/30,15.03,14
2014/10/31,14.99,14
2014/11/3,15.2,14
2014/11/4,15.05,14
2014/11/5,14.96,13
2014/11/6,15.22,14
2014/11/7,15.13,14
2014/11/10,14.83,13
2014/11/11,15.12,14
2014/11/12,14.86,14
2014/11/13,14.9,14
2014/11/14,14.71,13
2014/11/17,14.8,14
2014/11/18,14.85,14
2014/11/19,14.88,13
2014/11/20,15.19,14
2014/11/21,14.97,14
2014/11/24,14.99,14
2014/11/25,15.11,13
2014/11/26,15.6,15
2014/11/27,15.48,14
2014/11/28,15.49,14
2014/12/1,15.68,15
2014/12/2,15.43,14
2014/12/3,15.52,14
2014/12/4,16.14,15
2014/12/5,16.36,16
2014/12/8,16.17,14
2014/12/9,17.35,18
2014/12/10,16.99,16
2014/12/11,17.91,18
2014/12/12,17.49,17
2014/12/15,17.33,17
2014/12/16,17.36,17
2014/12/17,17.36,16
2014/12/18,19.1,20
2014/12/19,18.81,19
2014/12/22,18.81,20
2014/12/23,18.31,19
2014/12/24,18.08,19
2014/12/25,17.68,17
2014/12/26,18.42,19
2014/12/29,18.37,19
2014/12/30,18.29,19
2014/12/31,18.2,19
2015/1/5,18.06,16
2015/1/6,19.01,17
2015/1/7,20.11,20
2015/1/8,19.71,18
2015/1/9,19.99,19
2015/1/12,19.55,19
2015/1/13,19.14,18
2015/1/14,19.21,18
2015/1/15,19.17,17
2015/1/16,19.65,18
2015/1/19,19.77,20
2015/1/20,18,15
2015/1/21,19.08,17
2015/1/22,19.68,19
2015/1/23,19.71,19
2015/1/26,19.68,18
2015/1/27,20.38,20
2015/1/28,20.09,20
2015/1/29,19.68,19
2015/1/30,19.32,18
2015/2/2,19.18,18
2015/2/3,18.66,17
2015/2/4,19.13,18
2015/2/5,18.63,17
2015/2/6,18.74,18
2015/2/9,18.24,17
2015/2/10,18.3,16
2015/2/11,18.74,16
2015/2/12,19.7,19
2015/2/13,19.58,18
2015/2/16,19.69,18
2015/2/17,20.63,20
2015/2/25,20.23,20
2015/2/26,19.66,18
2015/2/27,20,18
2015/3/2,20.56,20
2015/3/3,20.45,20
2015/3/4,19.8,18
2015/3/5,20.17,19
2015/3/6,19.9,19
2015/3/9,19.56,18
2015/3/10,19.98,19
2015/3/11,19.86,19
2015/3/12,19.71,18
2015/3/13,19.85,18
2015/3/16,20.15,19
2015/3/17,20.41,19
2015/3/18,20.76,19
2015/3/19,21.06,20
2015/3/20,20.9,20
2015/3/23,20.93,19
2015/3/24,21.89,21
2015/3/25,22.53,22
2015/3/26,22.21,22
2015/3/27,21.92,21
2015/3/30,21.86,21
2015/3/31,22.3,22
2015/4/1,21.86,20
2015/4/2,22.67,22
2015/4/3,22.42,22
2015/4/7,22.33,21
2015/4/8,23.33,22
2015/4/9,24.34,25
2015/4/10,23.76,23
2015/4/13,24.2,24
2015/4/14,24.41,25
2015/4/15,23.77,23
2015/4/16,23.81,23
2015/4/17,25.21,25
2015/4/20,26.13,26
2015/4/21,27.22,28
2015/4/22,28.28,29
2015/4/23,28.27,29
2015/4/24,29.28,31
2015/4/27,28.77,30
2015/4/28,29.13,31
2015/4/29,27.96,28
2015/4/30,30.76,33
2015/5/4,31.15,33
2015/5/5,30.9,34
2015/5/6,28.5,30
2015/5/7,27.73,29
2015/5/8,27.77,28
2015/5/11,29.48,31
2015/5/12,30.18,32
2015/5/13,30.53,32
2015/5/14,32.5,34
2015/5/15,32.3,35
2015/5/18,30.75,32
2015/5/19,31.6,33
2015/5/20,31.78,33
2015/5/21,31.96,33
2015/5/22,32.98,35
2015/5/25,32.92,34
2015/5/26,34.18,35
2015/5/27,34.56,36
2015/5/28,33.69,36
2015/5/29,30.68,31
2015/6/1,30.88,31
2015/6/2,31.93,32
2015/6/3,32.48,33
2015/6/4,31.75,32
2015/6/5,31.63,32
2015/6/8,31.91,33
2015/6/9,31.63,32
2015/6/10,32.22,33
2015/6/11,32.84,33
2015/6/12,33.2,34
2015/6/15,32.61,33
2015/6/16,30.76,32
2015/6/17,29.1,29
2015/6/18,30,31
2015/6/19,28.47,30
2015/6/23,26.04,25
2015/6/24,27.17,27
2015/6/25,27.54,28
2015/6/26,26.25,27
2015/6/29,23.63,24
2015/6/30,21.65,19
2015/7/1,23.81,23
2015/7/2,23.38,24
2015/7/3,22.5,23
2015/7/6,21.3,20
2015/7/7,22.13,23
2015/7/8,19.96,20
2015/7/9,17.96,16
2015/7/10,17.96,16
2015/7/13,17.96,16
2015/7/14,17.96,15
2015/7/15,19.76,17
2015/7/16,21.74,20
2015/7/17,22.19,22
2015/7/20,19.79,18
2015/7/21,20.66,20
2015/7/22,20.84,20
2015/7/23,21.53,21
2015/7/24,21.9,22
2015/7/27,21.37,22
2015/7/28,19.23,18
2015/7/29,19.24,17
2015/7/30,20.62,21
2015/7/31,19.99,19
2015/8/3,19.98,20
2015/8/4,19,17
2015/8/5,20.55,20
2015/8/6,19.96,20
2015/8/7,19.78,18
2015/8/10,20.65,19
2015/8/11,21.61,21
2015/8/12,21.32,21
2015/8/13,20.88,20
2015/8/14,21.36,21
2015/8/17,21.32,21
2015/8/18,21.48,22
2015/8/19,19.33,18
2015/8/20,19.77,19
2015/8/21,19.46,20
2015/8/24,18.15,18
2015/8/25,16.34,16
2015/8/26,14.71,13
2015/8/27,14.5,11
2015/8/28,15.95,13
2015/8/31,17.04,16
2015/9/1,16.75,15
2015/9/2,16.59,15
2015/9/7,16.64,16
2015/9/8,16.06,13
2015/9/9,16.87,15
2015/9/10,17.23,16
2015/9/11,16.79,15
2015/9/14,17.01,16
2015/9/15,15.97,15
2015/9/16,14.91,12
2015/9/17,16.23,15
2015/9/18,15.79,14
2015/9/21,16.08,14
2015/9/22,16.6,15
2015/9/23,16.62,15
2015/9/24,16.24,14
2015/9/25,16.6,16
2015/9/28,15.83,14
2015/9/29,15.98,15
2015/9/30,15.53,14
2015/10/8,15.6,13
2015/10/9,16.18,14
2015/10/12,16.53,14
2015/10/13,17.22,16
2015/10/14,17.19,16
2015/10/15,17.19,15
2015/10/16,17.89,17
2015/10/19,17.78,17
2015/10/20,17.53,16
2015/10/21,18.13,18
2015/10/22,16.85,15
2015/10/23,17.21,15
2015/10/26,17.63,16
2015/10/27,17.81,17
2015/10/28,17.61,16
2015/10/29,17.75,16
2015/10/30,17.91,17
2015/11/2,17.85,17
2015/11/3,17.38,16
2015/11/4,17.29,15
2015/11/5,18.28,17
2015/11/6,18.52,16
2015/11/9,19.68,19
2015/11/10,19.69,19
2015/11/11,19.32,18
2015/11/12,19.4,19
2015/11/13,18.99,18
2015/11/16,18.75,17
2015/11/17,19.29,19
2015/11/18,18.69,18
2015/11/19,18.4,17
2015/11/20,18.72,18
2015/11/23,18.89,18
2015/11/24,18.44,17
2015/11/25,19.02,18
2015/11/26,19.04,18
2015/11/27,18.8,19
2015/11/30,17.58,17
2015/12/1,17.48,16
2015/12/2,17.69,16
2015/12/3,18.18,17
2015/12/4,18.14,17
2015/12/7,17.73,16
2015/12/8,17.99,17
2015/12/9,17.5,16
2015/12/10,17.52,16
2015/12/11,17.66,17
2015/12/14,17.68,16
2015/12/15,18.1,16
2015/12/16,18.7,18
2015/12/17,18.35,17
2015/12/18,18.63,18
2015/12/21,18.78,17
2015/12/22,19.41,19
2015/12/23,19.11,18
2015/12/24,18.8,18
2015/12/25,18.9,18
2015/12/28,19.01,19
2015/12/29,18.36,17
2015/12/30,18.61,17
2015/12/31,19.15,19
2016/1/4,18.63,18
2016/1/5,16.92,15
2016/1/6,17.22,15
2016/1/7,17.38,17
2016/1/8,15.78,13
2016/1/11,16.23,15
2016/1/12,15.47,13
2016/1/13,15.57,14
2016/1/14,15.22,12
2016/1/15,15.6,14
2016/1/18,14.99,12
2016/1/19,15.14,12
2016/1/20,15.55,13
2016/1/21,15.7,14
2016/1/22,15.51,13
2016/1/25,15.79,14
2016/1/26,15.8,14
2016/1/27,14.52,12
2016/1/28,14.53,13
2016/1/29,13.85,11
2016/2/1,14.34,12
2016/2/2,14.18,11
2016/2/3,14.55,12
2016/2/4,14.41,12
2016/2/5,14.61,12
2016/2/15,14.46,12
2016/2/16,14.18,11
2016/2/17,14.77,12
2016/2/18,15.04,13
2016/2/19,14.9,12
2016/2/22,15.1,12
2016/2/23,15.36,13
2016/2/24,15.16,13
2016/2/25,15.39,14
2016/2/26,14.14,11
2016/2/29,14.3,12
2016/3/1,13.68,11
2016/3/2,14.02,10
2016/3/3,15.02,12
2016/3/4,15.28,13
2016/3/7,15.06,13
2016/3/8,15.06,13
2016/3/9,15.06,13
2016/3/10,15.06,13
2016/3/11,15.06,13
2016/3/14,15.06,13
2016/3/15,15.06,13
2016/3/16,15.06,13
2016/3/17,15.06,13
2016/3/18,15.06,13
2016/3/21,15.06,13
2016/3/22,15.06,13
2016/3/23,15.06,13
2016/3/24,15.06,13
2016/3/25,15.06,13
2016/3/28,15.06,13
2016/3/29,15.06,13
2016/3/30,15.06,13
2016/3/31,15.06,13
2016/4/1,15.06,13
2016/4/5,15.06,13
2016/4/6,15.06,13
2016/4/7,15.06,12
2016/4/8,15.22,13
2016/4/11,14.51,12
2016/4/12,14.65,12
2016/4/13,14.3,11
2016/4/14,14.67,12
2016/4/15,14.83,13
2016/4/18,14.74,13
2016/4/19,14.43,12
2016/4/20,14.41,12
2016/4/21,13.88,11
2016/4/22,13.93,11
2016/4/25,14.01,11
2016/4/26,14.16,12
2016/4/27,14.21,12
2016/4/28,14.05,12
2016/4/29,14.07,11
2016/5/3,14.23,11
2016/5/4,14.61,12
2016/5/5,14.48,12
2016/5/6,14.59,13
2016/5/9,13.96,12
2016/5/10,13.58,11
2016/5/11,13.65,11
2016/5/12,13.62,11
2016/5/13,13.71,11
2016/5/16,13.59,11
2016/5/17,13.63,11
2016/5/18,13.5,11
2016/5/19,13.36,11
2016/5/20,13.23,10
2016/5/23,13.27,11
2016/5/24,13.34,11
2016/5/25,13.18,10
2016/5/26,13.29,11
2016/5/27,13.28,11
2016/5/30,13.29,11
2016/5/31,13.29,10
2016/6/1,13.78,11
2016/6/2,13.72,11
2016/6/3,13.78,11
2016/6/6,13.95,11
2016/6/7,13.98,12
2016/6/8,13.8,11
2016/6/13,13.81,12
2016/6/14,13.18,10
2016/6/15,13.2,10
2016/6/16,13.47,11
2016/6/17,13.31,10
2016/6/20,13.75,11
2016/6/21,13.67,11
2016/6/22,13.52,11
2016/6/23,13.7,11
2016/6/24,13.93,12
2016/6/27,13.63,10
2016/6/28,14.18,11
2016/6/29,14.42,12
2016/6/30,14.32,12
2016/7/1,14.34,12
2016/7/4,14.2,11
2016/7/5,14.42,12
2016/7/6,14.38,12
2016/7/7,14.36,12
2016/7/8,14.25,12
2016/7/11,14.18,12
2016/7/12,14.23,11
2016/7/13,14.75,12
2016/7/14,14.89,13
2016/7/15,14.78,12
2016/7/18,14.55,11
2016/7/19,15,13
2016/7/20,14.88,12
2016/7/21,15.02,13
2016/7/22,14.99,13
2016/7/25,14.72,12
2016/7/26,15.13,13
2016/7/27,15.15,13
2016/7/28,14.55,12
2016/7/29,14.81,13
2016/8/1,14.56,12
2016/8/2,14.21,12
2016/8/3,14.32,12
2016/8/4,14.32,12
2016/8/5,14.35,12
2016/8/8,14.45,12
2016/8/9,14.87,13
2016/8/10,14.84,13
2016/8/11,14.72,13
2016/8/12,14.65,12
2016/8/15,14.89,12
2016/8/16,15.18,13
2016/8/17,15.16,13
2016/8/18,15.03,13
2016/8/19,14.96,13
2016/8/22,14.89,13
2016/8/23,14.7,12
2016/8/24,14.7,13
2016/8/25,14.7,12
2016/8/26,14.7,12
2016/8/29,14.7,13
2016/8/30,14.66,12
2016/8/31,14.67,12
2016/9/1,14.68,12
2016/9/2,14.78,13
2016/9/5,14.67,12
2016/9/6,14.71,12
2016/9/7,14.94,13
2016/9/8,15.01,13
2016/9/9,15.11,13
2016/9/12,14.86,13
2016/9/13,14.49,12
2016/9/14,14.6,12
2016/9/19,14.5,12
2016/9/20,14.7,12
2016/9/21,14.76,13
2016/9/22,14.8,13
2016/9/23,14.85,13
2016/9/26,14.75,13
2016/9/27,14.52,12
2016/9/28,14.69,12
2016/9/29,14.7,12
2016/9/30,14.71,12
2016/10/10,14.78,12
2016/10/11,15.09,13
2016/10/12,15.12,13
2016/10/13,15,13
2016/10/14,14.94,13
2016/10/17,14.99,13
2016/10/18,14.73,12
2016/10/19,14.98,13
2016/10/20,14.92,13
2016/10/21,14.86,13
2016/10/24,14.96,12
2016/10/25,15.37,13
2016/10/26,15.43,13
2016/10/27,15.34,13
2016/10/28,15.39,13
2016/10/31,15.48,14
2016/11/1,15.3,13
2016/11/2,15.32,13
2016/11/3,15.38,13
2016/11/4,15.43,13
2016/11/7,15.44,13
2016/11/8,15.63,12
2016/11/9,16.32,14
2016/11/10,16.2,14
2016/11/11,16.35,14
2016/11/14,16.84,15
2016/11/15,16.65,15
2016/11/16,16.77,15
2016/11/17,16.44,14
2016/11/18,16.6,15
2016/11/21,16.22,14
2016/11/22,16.41,14
2016/11/23,16.73,15
2016/11/24,16.65,14
2016/11/25,16.95,15
2016/11/28,17.32,16
2016/11/29,17.17,15
2016/11/30,16.9,15
2016/12/1,16.84,14
2016/12/2,17.54,16
2016/12/5,17.14,16
2016/12/6,16.33,14
2016/12/7,16.29,14
2016/12/8,16.38,15
2016/12/9,16.32,14
2016/12/12,16.29,15
2016/12/13,15.56,13
2016/12/14,15.6,14
2016/12/15,15.49,14
2016/12/16,15.26,13
2016/12/19,15.5,13
2016/12/20,15.58,14
2016/12/21,15.48,13
2016/12/22,15.86,14
2016/12/23,15.94,14
2016/12/26,15.5,13
2016/12/27,15.93,14
2016/12/28,15.99,14
2016/12/29,15.71,13
2016/12/30,15.81,14
2017/1/3,15.95,11
2017/1/4,16.2,12
2017/1/5,16.15,12
2017/1/6,15.88,12
2017/1/9,15.63,12
2017/1/10,15.05,11
2017/1/11,15,11
2017/1/12,14.93,10
2017/1/13,15.17,11
2017/1/16,14.9,11
2017/1/17,14.64,10
2017/1/18,14.79,10
2017/1/19,14.99,11
2017/1/20,14.86,10
2017/1/23,14.98,11
2017/1/24,14.99,11
2017/1/25,15.08,11
2017/1/26,15.29,11
2017/2/3,15.15,11
2017/2/6,15,11
2017/2/7,15.07,11
2017/2/8,14.93,11
2017/2/9,14.99,11
2017/2/10,15.15,11
2017/2/13,15.21,11
2017/2/14,15.27,11
2017/2/15,15.51,11
2017/2/16,15.37,11
2017/2/17,15.4,11
2017/2/20,15.18,10
2017/2/21,15.68,11
2017/2/22,15.71,12
2017/2/23,15.52,11
2017/2/24,15.66,11
2017/2/27,15.59,11
2017/2/28,15.65,11
2017/3/1,15.8,12
2017/3/2,15.75,12
2017/3/3,15.62,11
2017/3/6,15.57,11
2017/3/7,15.56,11
2017/3/8,15.28,11
2017/3/9,15.28,11
2017/3/10,15.28,11
2017/3/13,15.28,11
2017/3/14,15.28,11
2017/3/15,15.28,11
2017/3/16,15.28,10
2017/3/17,16.81,11
2017/3/20,17.16,12
2017/3/21,17.22,13
2017/3/22,17.05,12
2017/3/23,17.3,13
2017/3/24,17.4,12
2017/3/27,17.9,14
2017/3/28,17.53,13
2017/3/29,17.51,13
2017/3/30,17.05,13
2017/3/31,17,13
2017/4/5,16.96,12
2017/4/6,17.33,13
2017/4/7,17.29,13
2017/4/10,17.26,13
2017/4/11,17.35,13
2017/4/12,17.3,13
2017/4/13,17.05,13
2017/4/14,16.96,13
2017/4/17,16.79,12
2017/4/18,16.85,12
2017/4/19,16.85,12
2017/4/20,17.25,13
2017/4/21,17.25,13
2017/4/24,17.25,13
2017/4/25,17.25,12
2017/4/26,17.66,13
2017/4/27,17.92,13
2017/4/28,17.87,13
2017/5/2,17.76,13
2017/5/3,17.64,13
2017/5/4,17.82,13
2017/5/5,17.83,14
2017/5/8,17.6,14
2017/5/9,17.03,12
2017/5/10,17.16,13
2017/5/11,16.81,12
2017/5/12,17.3,13
2017/5/15,17.24,12
2017/5/16,17.44,11
2017/5/17,18.94,14
2017/5/18,18.97,14
2017/5/19,19.04,14
2017/5/22,19.12,15
2017/5/23,19,14
2017/5/24,19,14
2017/5/25,18.98,13
2017/5/26,19.92,16
2017/5/31,19.38,15
2017/6/1,19.53,15
2017/6/2,19.55,15
2017/6/5,19.75,15
2017/6/6,19.62,15
2017/6/7,19.81,14
2017/6/8,20.59,16
2017/6/9,20.63,16
2017/6/12,20.98,16
2017/6/13,20.99,17
2017/6/14,20.95,17
2017/6/15,20.79,16
2017/6/16,21.3,17
2017/6/19,21.44,17
2017/6/20,21.61,17
2017/6/21,21.86,16
2017/6/22,22.81,19
2017/6/23,22.4,17
2017/6/26,23.55,19
2017/6/27,23.85,19
2017/6/28,23.97,20
2017/6/29,23.83,19
2017/6/30,23.97,20
2017/7/3,23.74,20
2017/7/4,22.6,18
2017/7/5,22.64,17
2017/7/6,23.52,19
2017/7/7,23.25,19
2017/7/10,23.19,19
2017/7/11,22.45,18
2017/7/12,22.61,17
2017/7/13,23.41,19
2017/7/14,23.22,18
2017/7/17,23.97,21
2017/7/18,22.9,19
2017/7/19,22.07,17
2017/7/20,22.67,17
2017/7/21,23.58,19
2017/7/24,23.66,19
2017/7/25,23.97,20
2017/7/26,23.12,19
2017/7/27,22.92,19
2017/7/28,22.75,18
2017/7/31,23.25,19
2017/8/1,22.95,19
2017/8/2,22.82,18
2017/8/3,22.85,19
2017/8/4,22.14,18
2017/8/7,21.84,17
2017/8/8,22.12,18
2017/8/9,22.28,17
2017/8/10,22.68,19
2017/8/11,22.48,19
2017/8/14,21.88,17
2017/8/15,21.77,17
2017/8/16,21.84,17
2017/8/17,22.43,17
2017/8/18,22.95,18
2017/8/21,23.25,19
2017/8/22,23.03,19
2017/8/23,22.87,19
2017/8/24,22.86,19
2017/8/25,22.82,18
2017/8/28,22.91,18
2017/8/29,23.69,19
2017/8/30,23.72,19
2017/8/31,24.03,20
2017/9/1,23.86,20
2017/9/4,23.68,19
2017/9/5,24.39,20
2017/9/6,24.36,20
2017/9/7,24.95,21
2017/9/8,24.46,19
2017/9/11,25.35,21
2017/9/12,25.3,21
2017/9/13,24.94,21
2017/9/14,24.93,21
2017/9/15,24.55,20
2017/9/18,24.62,20
2017/9/19,24.94,21
2017/9/20,24.52,20
2017/9/21,24.78,20
2017/9/22,24.97,20
2017/9/25,26.7,23
2017/9/26,26.25,22
2017/9/27,26.58,22
2017/9/28,28.02,24
2017/9/29,28.15,24
2017/10/9,28.3,24
2017/10/10,29.98,26
2017/10/11,30.1,27
2017/10/12,28.89,25
2017/10/13,29.17,26
2017/10/16,29.5,26
2017/10/17,30.45,27
2017/10/18,30.46,27
2017/10/19,30.63,29
2017/10/20,28.38,25
2017/10/23,28.66,25
2017/10/24,28.49,25
2017/10/25,27.72,24
2017/10/26,28.27,24
2017/10/27,30,27
2017/10/30,30.08,26
2017/10/31,31.5,28
2017/11/1,32.29,30
2017/11/2,31.58,29
2017/11/3,32.12,29
2017/11/6,32.75,30
2017/11/7,34,32
2017/11/8,33.65,32
2017/11/9,32.81,30
2017/11/10,34.94,33
2017/11/13,35.26,33
2017/11/14,36.59,35
2017/11/15,36.57,35
2017/11/16,36.02,34
2017/11/17,37.9,37
2017/11/20,36.05,33
2017/11/21,39.25,37
2017/11/22,40.04,39
2017/11/23,40.15,39
2017/11/24,38.81,38
2017/11/27,38.18,38
2017/11/28,34.36,32
2017/11/29,35.52,34
2017/11/30,34.22,33
2017/12/1,33.08,31
2017/12/4,33.56,31
2017/12/5,34.92,33
2017/12/6,34.02,32
2017/12/7,34.57,33
2017/12/8,33.86,31
2017/12/11,35.31,33
2017/12/12,37.27,36
2017/12/13,37.09,35
2017/12/14,38.1,37
2017/12/15,38.29,37
2017/12/18,37,36
2017/12/19,34.97,33
2017/12/20,35.66,34
2017/12/21,35.39,33
2017/12/22,37.85,36
2017/12/25,38.07,37
2017/12/26,37.21,36
2017/12/27,37.2,36
2017/12/28,36.18,35
2017/12/29,36.22,35
2018/1/2,36.36,41
2018/1/3,35.73,40
2018/1/4,36.69,41
2018/1/5,36.9,41
2018/1/8,36.04,40
2018/1/9,35.57,40
2018/1/10,36.35,41
2018/1/11,35.92,40
2018/1/12,36.42,41
2018/1/15,35.82,40
2018/1/16,36.41,40
2018/1/17,38.6,43
2018/1/18,36.98,42
2018/1/19,36.57,41
2018/1/22,36.49,41
2018/1/23,36.43,41
2018/1/24,36.38,41
2018/1/25,37.05,42
2018/1/26,36.06,40
2018/1/29,35,40
2018/1/30,31.71,35
2018/1/31,31.1,34
2018/2/1,31.12,35
2018/2/2,28.01,29
2018/2/5,28.82,30
2018/2/6,29.28,32
2018/2/7,28.45,30
2018/2/8,28.71,30
2018/2/9,29.65,32
2018/2/12,28.45,30
2018/2/13,29.42,31
2018/2/14,29.74,32
2018/2/22,30.5,33
2018/2/23,31.22,34
2018/2/26,31.32,34
2018/2/27,32.55,36
2018/2/28,32.37,36
2018/3/1,32.24,35
2018/3/2,32.35,36
2018/3/5,31.52,34
2018/3/6,32.15,35
2018/3/7,33.3,37
2018/3/8,32.67,36
2018/3/9,32.68,36
2018/3/12,33.62,37
2018/3/13,33.99,38
2018/3/14,33.15,37
2018/3/15,32.72,36
2018/3/16,32.81,36
2018/3/19,32.01,35
2018/3/20,31.74,35
2018/3/21,32.05,35
2018/3/22,31.65,35
2018/3/23,31.36,35
2018/3/26,29.01,31
2018/3/27,29.49,31
2018/3/28,30.43,33
2018/3/29,29.62,32
2018/3/30,29.84,32
2018/4/2,30.15,32
2018/4/3,30.82,34
2018/4/4,30.09,32
2018/4/9,29.99,32
2018/4/10,29.96,32
2018/4/11,30.7,33
2018/4/12,31.64,35
2018/4/13,31.2,34
2018/4/16,31.2,34
2018/4/17,31.31,34
2018/4/18,31.31,34
2018/4/19,31.31,34
2018/4/20,31.31,34
2018/4/23,31.31,34
2018/4/24,31.31,34
2018/4/25,31.31,34
2018/4/26,31.31,34
2018/4/27,31.31,34
2018/5/2,31.31,34
2018/5/3,31.31,34
2018/5/4,31.31,34
2018/5/7,31.31,34
2018/5/8,31.31,34
2018/5/9,31.31,34
2018/5/10,31.31,34
2018/5/11,31.31,34
2018/5/14,31.31,34
2018/5/15,31.31,34
2018/5/16,31.31,34
2018/5/17,31.31,34
2018/5/18,31.31,34
2018/5/21,31.31,34
2018/5/22,31.31,34
2018/5/23,31.31,34
2018/5/24,31.31,34
2018/5/25,31.31,34
2018/5/28,31.31,34
2018/5/29,31.31,34
2018/5/30,31.31,34
2018/5/31,31.31,34
2018/6/1,31.31,34
2018/6/4,31.31,34
2018/6/5,31.31,34
2018/6/6,31.31,34
2018/6/7,31.31,34
2018/6/8,31.31,34
2018/6/11,31.31,34
2018/6/12,31.31,34
2018/6/13,31.31,35
2018/6/14,28.18,31
2018/6/15,25.36,27
2018/6/19,22.82,23
2018/6/20,20.54,20
2018/6/21,18.49,17
2018/6/22,16.64,15
2018/6/25,14.98,13
2018/6/26,13.48,10
2018/6/27,13.28,10
2018/6/28,12.85,9
2018/6/29,12.92,9
2018/7/2,13.03,10
2018/7/3,12.23,8
2018/7/4,13.45,10
2018/7/5,13.8,11
2018/7/6,13,9
2018/7/9,13.04,9
2018/7/10,13.1,10
2018/7/11,12.69,10
2018/7/12,12.1,8
2018/7/13,13.31,10
2018/7/16,14.1,10
2018/7/17,15.51,12
2018/7/18,17.06,15
2018/7/19,16.53,13
2018/7/20,16.85,14
2018/7/23,16.52,13
2018/7/24,16.62,14
2018/7/25,16.68,14
2018/7/26,16.31,14
2018/7/27,15.34,12
2018/7/30,15.43,13
2018/7/31,15.08,12
2018/8/1,14.6,11
2018/8/2,14.67,12
2018/8/3,14.03,11
2018/8/6,13.35,10
2018/8/7,13.2,9
2018/8/8,13.7,11
2018/8/9,13,9
2018/8/10,14.3,11
2018/8/13,14.5,10
2018/8/14,15.39,11
2018/8/15,16.3,14
2018/8/16,15.62,12
2018/8/17,15.86,13
2018/8/20,15.9,12
2018/8/21,16.33,13
2018/8/22,16.34,14
2018/8/23,16.03,12
2018/8/24,17.38,15
2018/8/27,17.14,13
2018/8/28,18.4,15
2018/8/29,18.95,16
2018/8/30,19.45,18
2018/8/31,18.95,17
2018/9/3,19.09,18
2018/9/4,18.15,15
2018/9/5,18.55,16
2018/9/6,18.81,17
2018/9/7,18.69,17
2018/9/10,18.09,17
2018/9/11,17.06,14
2018/9/12,17.45,15
2018/9/13,17.26,14
2018/9/14,18.55,16
2018/9/17,18.36,16
2018/9/18,18.34,16
2018/9/19,18.44,16
2018/9/20,18.18,16
2018/9/21,18.29,16
2018/9/25,18.59,16
2018/9/26,18.73,16
2018/9/27,18.92,17
2018/9/28,18.38,16
2018/10/8,18.3,17
2018/10/9,16.81,14
2018/10/10,16.8,14
2018/10/11,16.85,15
2018/10/12,15.17,12
2018/10/15,15.6,12
2018/10/16,15.97,13
2018/10/17,15.7,12
2018/10/18,16.18,14
2018/10/19,15.7,12
2018/10/22,16.57,13
2018/10/23,17.79,16
2018/10/24,17.34,15
2018/10/25,17.29,15
2018/10/26,17.44,15
2018/10/29,17.25,14
2018/10/30,17.45,15
2018/10/31,16.89,14
2018/11/1,16.93,14
2018/11/2,17.2,14
2018/11/5,18.34,16
2018/11/6,18.23,15
2018/11/7,19.03,16
2018/11/8,19.59,18
2018/11/9,19.4,17
2018/11/12,19.87,18
2018/11/13,20.2,18
2018/11/14,20.3,19
2018/11/15,19.87,18
2018/11/16,20.2,17
2018/11/19,21.79,21
2018/11/20,21.73,22
2018/11/21,20.51,19
2018/11/22,20.8,20
2018/11/23,20.46,20
2018/11/26,19.77,17
2018/11/27,20.43,18
2018/11/28,20.99,20
2018/11/29,20.56,20
2018/11/30,19.49,17
2018/12/3,19.87,17
2018/12/4,21.44,20
2018/12/5,21.27,20
2018/12/6,21.09,21
2018/12/7,19.89,18
2018/12/10,19.99,18
2018/12/11,20.04,18
2018/12/12,20.34,19
2018/12/13,20,18
2018/12/14,20.2,19
2018/12/17,19.65,18
2018/12/18,19.25,17
2018/12/19,19.1,17
2018/12/20,19.02,17
2018/12/21,19.36,18
2018/12/24,19.24,16
2018/12/25,20.26,18
2018/12/26,20.36,19
2018/12/27,19.86,18
2018/12/28,19.9,19
2019/1/2,19.59,17
2019/1/3,19.56,17
2019/1/4,18.78,15
2019/1/7,19.2,15
2019/1/8,20.02,17
2019/1/9,19.9,17
2019/1/10,19.92,17
2019/1/11,20.07,17
2019/1/14,20.51,18
2019/1/15,20.09,17
2019/1/16,20.6,18
2019/1/17,20.31,18
2019/1/18,20.01,17
2019/1/21,19.98,16
2019/1/22,21.04,19
2019/1/23,20.44,18
2019/1/24,20.45,18
2019/1/25,20.37,18
2019/1/28,20.32,18
2019/1/29,20.24,18
2019/1/30,19.98,17
2019/1/31,19.71,16
2019/2/1,20.11,17
2019/2/11,20.41,17
2019/2/12,20.87,18
2019/2/13,21.06,18
2019/2/14,22.95,21
2019/2/15,22.85,20
2019/2/18,23,20
2019/2/19,24.14,22
2019/2/20,24.06,22
2019/2/21,24,21
2019/2/22,25.31,23
2019/2/25,27.84,26
2019/2/26,30.31,30
2019/2/27,29.9,30
2019/2/28,29.45,29
2019/3/1,29.8,30
2019/3/4,29.73,30
2019/3/5,30.31,30
2019/3/6,31.65,32
2019/3/7,31.3,32
2019/3/8,30.4,31
2019/3/11,29.21,29
2019/3/12,30.4,30
2019/3/13,31.09,33
2019/3/14,28.68,29
2019/3/15,28.25,28
2019/3/18,28.38,28
2019/3/19,29.19,29
2019/3/20,29.03,29
2019/3/21,28.98,29
2019/3/22,28.9,29
2019/3/25,28.22,28
2019/3/26,28.33,29
2019/3/27,27.13,27
2019/3/28,26.67,25
2019/3/29,29.34,29
2019/4/1,29.2,29
2019/4/2,30,30
2019/4/3,29.9,30
2019/4/4,29.85,30
2019/4/8,29.98,31
2019/4/9,29.24,29
2019/4/10,30.2,30
2019/4/11,31.5,33
2019/4/12,30.39,31
2019/4/15,30.26,31
2019/4/16,30.5,30
2019/4/17,33.55,34
2019/4/18,34.08,35
2019/4/19,34.09,35
2019/4/22,36.49,38
2019/4/23,36.76,39
2019/4/24,35.53,38
2019/4/25,35.02,38
2019/4/26,33.65,35
2019/4/29,34.17,36
2019/4/30,33.85,36
2019/5/6,32.15,35
2019/5/7,28.94,29
2019/5/8,29.01,29
2019/5/9,28.89,29
2019/5/10,28.3,27
2019/5/13,30.88,32
2019/5/14,30.21,31
2019/5/15,29.95,30
2019/5/16,30.51,32
2019/5/17,29.62,31
2019/5/20,28.5,29
2019/5/21,27.9,27
2019/5/22,29.2,29
2019/5/23,29.48,31
2019/5/24,28.24,28
2019/5/27,28.25,28
2019/5/28,29.29,30
2019/5/29,29.3,30
2019/5/30,29.16,30
2019/5/31,28.38,28
2019/6/3,28.76,28
2019/6/4,30.29,31
2019/6/5,30.5,31
2019/6/6,32.09,34
2019/6/10,29.78,30
2019/6/11,31.02,32
2019/6/12,31.62,33
2019/6/13,31.47,33
2019/6/14,31.22,33
2019/6/17,30.28,31
2019/6/18,29.92,31
2019/6/19,30,30
2019/6/20,30.97,31
2019/6/21,31.97,33
2019/6/24,31.93,34
2019/6/25,31.3,32
2019/6/26,31.58,33
2019/6/27,31.48,32
2019/6/28,32.81,35
2019/7/1,32.53,34
2019/7/2,33.9,36
2019/7/3,34.08,37
2019/7/4,33.2,35
2019/7/5,33.24,35
2019/7/8,33.28,36
2019/7/9,32.26,34
2019/7/10,32.18,34
2019/7/11,32.44,34
2019/7/12,32.06,34
2019/7/15,32.2,34
2019/7/16,32.87,35
2019/7/17,32.93,35
2019/7/18,32.51,35
2019/7/19,31.36,33
2019/7/22,31.22,33
2019/7/23,31.28,33
2019/7/24,31.57,33
2019/7/25,32.71,34
2019/7/26,33.15,35
2019/7/29,33.4,35
2019/7/30,33.34,35
2019/7/31,33.33,36
2019/8/1,32.92,35
2019/8/2,32.73,35
2019/8/5,31.4,33
2019/8/6,31.13,33
2019/8/7,30.5,32
2019/8/8,30.17,31
2019/8/9,30.24,32
2019/8/12,27.9,27
2019/8/13,28.75,29
2019/8/14,28.32,28
2019/8/15,28.67,29
2019/8/16,28.37,28
2019/8/19,28.18,27
2019/8/20,29.96,31
2019/8/21,29.85,30
2019/8/22,30.13,31
2019/8/23,29.69,31
2019/8/26,29.24,30
2019/8/27,28.85,29
2019/8/28,29.71,30
2019/8/29,29.79,31
2019/8/30,29.18,30
2019/9/2,28.81,29
2019/9/3,29.36,29
2019/9/4,29.83,30
2019/9/5,29.6,29
2019/9/6,30.65,30
2019/9/9,33.49,34
2019/9/10,36.84,39
2019/9/11,36.93,40
2019/9/12,35.46,38
2019/9/16,35.74,38
2019/9/17,35.29,38
2019/9/18,34.4,37
2019/9/19,34.02,36
2019/9/20,35,37
2019/9/23,34.4,37
2019/9/24,33.69,35
2019/9/25,34.53,37
2019/9/26,33.88,36
2019/9/27,32.61,34
2019/9/30,33.2,36
2019/10/8,32.01,34
2019/10/9,31.81,33
2019/10/10,32.15,33
2019/10/11,32.87,35
2019/10/14,32.9,35
2019/10/15,32.96,35
2019/10/16,32.05,34
2019/10/17,32.01,34
2019/10/18,32.16,34
2019/10/21,32.53,35
2019/10/22,31.98,34
2019/10/23,32.16,34
2019/10/24,32.32,34
2019/10/25,32.2,33
2019/10/28,33.35,35
2019/10/29,33.64,35
2019/10/30,33.74,36
2019/10/31,33.23,35
2019/11/1,33.4,35
2019/11/4,34,36
2019/11/5,34.48,37
2019/11/6,34.24,37
2019/11/7,33.22,35
2019/11/8,33.33,35
2019/11/11,32.85,35
2019/11/12,32.37,34
2019/11/13,32.49,34
2019/11/14,32.56,34
2019/11/15,32.77,35
2019/11/18,31.34,33
2019/11/19,31.36,32
2019/11/20,31.89,34
2019/11/21,31.36,33
2019/11/22,31.09,32
2019/11/25,30.7,32
2019/11/26,30.41,31
2019/11/27,30.4,31
2019/11/28,30.46,31
2019/11/29,30.65,32
2019/12/2,30.71,32
2019/12/3,30.57,32
2019/12/4,30.67,32
2019/12/5,31.18,32
2019/12/6,31.95,33
2019/12/9,31.91,34
2019/12/10,31.6,33
2019/12/11,32.08,34
2019/12/12,31.85,33
2019/12/13,32.85,34
2019/12/16,33.2,35
2019/12/17,33.55,35
2019/12/18,33.59,35
2019/12/19,34.25,36
2019/12/20,34.49,37
2019/12/23,33.37,36
2019/12/24,32.26,34
2019/12/25,33.12,35
2019/12/26,33.75,36
2019/12/27,33.9,36
2019/12/30,33.64,35
2019/12/31,34.35,36
2020/1/2,35.39,34
2020/1/3,35.45,34
2020/1/6,36.55,35
2020/1/7,36.7,35
2020/1/8,36.6,36
2020/1/9,35.71,34
2020/1/10,37.02,36
2020/1/13,37.36,36
2020/1/14,37.96,37
2020/1/15,36.71,35
2020/1/16,36.92,35
2020/1/17,37.41,36
2020/1/20,38.84,38
2020/1/21,40.06,40
2020/1/22,38.61,38
2020/1/23,40.65,41
2020/2/3,39.17,40
2020/2/4,35.91,34
2020/2/5,38.37,38
2020/2/6,38.2,37
2020/2/7,39.22,39
2020/2/10,38.93,38
2020/2/11,40.12,40
2020/2/12,40.01,39
2020/2/13,40.14,40
2020/2/14,39.71,39
2020/2/17,39.47,39
2020/2/18,43.12,43
2020/2/19,43.53,44
2020/2/20,43.68,44
2020/2/21,44.59,45
2020/2/24,45.55,46
2020/2/25,50.11,50
2020/2/26,55.11,55
2020/2/27,50.95,51
2020/2/28,51.48,51
2020/3/2,50,50
